,Freq
following code,1901
make sure,1226
create new,1034
visual studio,999
right now,951
solve problem,932
json file,903
even though,837
react native,832
node modules,803
let say,795
spring boot,740
greatly appreciated,712
sql server,706
csv file,704
command line,700
first time,689
thank advance,684
data frame,680
better way,664
run code,638
doesn seem,634
net core,631
source code,619
find way,604
android studio,580
couldn find,575
asp net,573
add new,566
node js,554
code code,551
much appreciated,540
please let,538
something wrong,534
package json,517
missing something,511
keep getting,507
ve got,501
js file,491
expected output,485
call function,482
someone please,471
getting following,467
vs code,459
docker compose,456
web app,453
rest api,451
org apache,449
console log,446
server side,440
thank much,437
key value,433
one one,432
try run,432
two different,431
example code,431
click button,426
python code,426
text file,424
html file,419
first one,419
react app,418
run command,418
app js,416
api call,416
find solution,415
solve issue,414
code working,414
java org,409
user input,407
client side,406
way make,402
ip address,402
return value,401
code snippet,401
line code,395
py line,393
something else,385
python script,383
front end,382
another way,380
anyone please,376
html code,371
find anything,370
config file,369
user id,368
desired output,368
access token,366
multiple times,366
file name,361
index js,361
android app,358
code run,357
something similar,356
fix issue,353
txt file,352
data table,352
makes sense,351
http localhost,349
sample code,348
function called,347
index html,346
post request,346
xml file,346
excel file,346
way achieve,343
ve created,341
correct way,336
web application,336
piece code,331
code output,330
data type,329
new column,328
function call,327
latest version,327
ve found,327
default value,326
currently working,326
docker container,325
data set,321
code looks,321
found solution,320
java lang,319
current code,318
code example,317
one way,314
make sense,314
going wrong,311
part code,310
following command,310
code used,310
file file,305
org springframework,301
function returns,298
one line,298
sql query,297
date time,297
creating new,295
write code,295
many times,295
second one,289
lambda function,289
views py,287
site packages,286
problem code,283
web page,282
really appreciate,281
ve seen,280
primary key,277
seem find,276
user clicks,275
build gradle,274
third party,273
wrong code,272
environment variable,270
json data,269
docker image,268
login page,267
expected result,266
input field,266
username password,266
right way,265
fix problem,265
however try,265
environment variables,264
see code,263
left right,261
code doesn,261
value value,261
right direction,261
please note,260
js code,259
html css,258
new python,258
anyone idea,257
please tell,257
one time,257
file path,257
real time,256
array objects,256
id name,256
true false,255
data data,255
solution problem,251
full code,250
sample data,250
google cloud,249
didn find,248
long time,248
stack overflow,247
column names,246
html page,246
answer question,246
first line,243
run script,241
run following,240
pandas dataframe,240
http request,239
local machine,239
column name,238
fetch data,238
foreign key,238
look something,238
button click,238
desired result,237
file contains,237
resolve issue,236
came across,234
code getting,234
stored procedure,234
lets say,233
code now,233
code following,231
two tables,231
following message,230
jupyter notebook,229
new one,228
go back,228
json object,228
data database,227
lib python,227
code see,227
input output,227
little bit,227
running code,226
appreciated thank,226
function return,226
code far,225
run app,225
return type,225
background color,225
looks something,225
two columns,224
working project,224
please suggest,223
nothing happens,223
java com,223
unit test,221
pom xml,221
take look,221
someone explain,221
copy paste,221
data structure,221
efficient way,220
working code,220
studio code,219
net framework,219
one column,219
doesn exist,219
table table,219
web api,216
create function,215
ve done,215
button clicked,215
first row,214
change code,214
first element,214
service account,214
file code,211
php file,211
status code,211
facing issue,211
looking way,210
test case,210
way create,209
last line,209
config js,208
py file,208
kotlinx serialization,208
ve already,208
next js,208
first column,207
think problem,207
least one,207
got following,207
read file,206
anything else,205
read data,205
call method,205
ve read,204
code however,204
ve used,204
parent component,203
function function,203
run time,203
one thing,203
everything working,202
easy way,202
code problem,202
test code,202
yaml file,201
created new,201
way solve,201
start end,200
ve added,200
set value,200
write function,200
still getting,200
please see,200
child component,200
solved problem,200
way add,199
haven found,199
example com,198
empty string,198
back end,198
stack trace,198
code ve,198
file looks,198
send data,198
web server,198
right click,196
models py,196
file directory,196
log file,195
python version,194
following output,194
time series,194
change value,192
code follows,192
javascript code,192
program files,192
create table,191
regular expression,191
new data,190
make code,190
method called,189
try add,189
anyone knows,189
doesn show,188
one row,188
home page,188
content type,187
pip install,187
file users,187
java java,186
function code,186
npm err,185
hope someone,184
width height,184
add following,183
data api,183
code make,183
read write,183
second time,183
please check,182
connection string,182
following example,181
unable find,181
store data,180
raspberry pi,179
isn working,179
try access,178
pdf file,178
check whether,177
new project,177
code please,177
even possible,175
component ts,175
submit button,174
command prompt,174
first two,174
create custom,174
function takes,173
open file,173
different ways,173
azure devops,173
inside function,173
data one,173
run program,172
power bi,171
private key,171
numpy array,171
following line,170
php code,170
highly appreciated,170
one two,170
gives following,169
api calls,169
please explain,169
local storage,169
java code,169
now add,169
way around,169
code runs,168
good idea,168
try create,168
however run,168
shared value,168
ec instance,167
table data,167
lines code,167
point right,167
new object,167
python python,166
email address,166
text field,165
calling function,165
way go,165
load balancer,165
name name,165
whenever try,165
line line,164
top level,164
now problem,164
way fix,164
ve looked,164
code one,163
react js,163
many many,163
code first,162
used code,162
configuration file,162
code add,162
number rows,161
change color,161
following way,161
pretty much,161
zip file,161
time run,160
file system,160
try code,160
file following,159
please find,159
code create,159
value type,159
output file,159
data source,158
material ui,158
input data,158
row column,158
client server,158
anyone tell,157
mysql database,157
simple way,157
better solution,157
test test,157
working expected,157
linked list,156
object type,156
working example,156
json response,156
one file,156
input file,156
global variable,156
without success,156
send request,156
right side,155
code running,155
send message,155
file run,155
python site,155
code function,155
google play,155
following function,154
class name,154
bash script,154
please guide,154
new value,154
find answer,153
code result,153
type string,153
click event,153
output code,153
rows columns,153
id id,152
new version,152
proper way,152
form data,152
element array,152
code python,152
column column,152
similar questions,152
example data,151
compile time,151
please thank,151
ve made,151
count number,151
user data,151
code gives,151
total number,151
someone tell,151
another one,151
start date,150
react component,150
new react,150
script run,150
easiest way,150
single line,150
refresh page,150
folder structure,149
component html,149
another function,149
csv files,149
flutter app,148
getting errors,148
exception thrown,148
code try,148
create file,148
value column,148
question way,147
nothing seems,147
issue code,147
list items,147
press button,147
send email,147
new file,147
see example,147
ts file,147
values column,147
re render,147
table name,146
app service,146
working properly,146
request body,145
react router,145
double quotes,145
phone number,145
rd party,145
view controller,145
way handle,144
new array,144
data looks,144
simple example,144
way set,144
one another,144
someone else,144
working well,143
font size,143
data file,143
add code,143
call api,143
wrong way,143
try catch,143
example output,143
main thread,143
run test,143
end date,143
next step,143
file created,142
event listener,142
list list,142
value variable,142
make changes,141
model class,141
pretty sure,141
unit tests,141
com google,141
pretty new,141
code html,141
upload file,141
still working,140
read properties,140
css file,140
following query,140
shell script,140
code inside,140
virtual environment,140
base class,140
see image,140
keep track,140
last one,140
now create,139
vice versa,139
original code,139
doesn make,139
load data,138
api gateway,138
list comprehension,138
google chrome,138
run application,138
empty array,138
column value,137
fairly new,137
user click,137
different types,137
retrieve data,137
first name,137
database table,137
doesn matter,136
without problem,136
npm install,136
add another,136
open source,136
code written,135
jar file,135
two separate,135
main function,135
still doesn,135
make new,135
usr local,135
save data,134
step step,134
js app,134
variable name,134
urls py,134
already exists,134
feel free,134
code block,133
public key,133
api key,133
keep mind,133
application running,133
try following,133
hope helps,133
running command,133
ve set,133
wondering way,132
json string,132
native app,132
hard time,132
many different,132
getting data,132
app running,132
file data,132
similar issue,132
set default,132
method returns,132
used following,132
test cases,131
array array,131
exit code,131
string value,131
possible solution,131
data frames,131
last name,131
adding new,130
pass data,130
app app,130
azure ad,130
seems working,130
similar question,130
inside loop,130
come across,129
page load,129
run python,129
ve written,129
usr lib,129
wrote code,129
source file,129
left side,129
another option,128
windows machine,128
header file,128
object object,128
simple code,128
file called,128
way write,128
table id,128
problem solved,127
data json,127
server running,127
example following,127
doesn support,127
value set,127
doesn change,127
user name,127
main problem,127
date format,127
anyone explain,126
mobile app,126
found way,126
java android,126
date range,126
hello world,126
file read,126
code look,126
good way,126
chrome extension,126
seem figure,126
way implement,126
index php,126
lib site,126
code got,126
two lines,126
create list,125
floating point,125
appdata local,125
following tutorial,125
anyone else,125
unique id,124
column values,124
creates new,124
discord bot,124
save file,124
another file,124
code file,124
call last,123
new line,123
data model,123
main py,123
everything else,123
similar problem,123
problem try,123
vue js,123
storage account,122
run function,122
view model,122
re looking,122
try make,122
background image,122
data code,122
much time,122
way change,122
now try,122
boot application,122
first question,122
convert string,122
another table,121
file now,121
current user,121
web browser,121
consider following,121
random number,121
function doesn,121
serialization json,121
file one,121
infinite loop,121
went wrong,121
method call,121
single file,121
main class,120
yml file,120
time time,120
several times,120
following errors,120
try something,120
user enters,120
two ways,120
however getting,120
first place,120
newly created,120
return true,120
parameter type,120
one many,120
search bar,120
code app,119
dropdown menu,119
see following,119
cant find,119
google sheets,119
pivot table,119
clicking button,119
output output,119
file named,119
code test,118
example first,118
following exception,118
product id,118
refresh token,118
extract data,118
new user,118
version code,118
file add,118
java util,118
number times,118
min max,118
data stored,118
main js,118
file however,118
function inside,118
date date,118
button pressed,118
different values,118
aws lambda,118
object array,117
query string,117
socket io,117
row row,117
code without,117
name value,117
code returns,117
code sample,117
problem facing,117
empty list,117
one table,117
please refer,117
one example,117
new table,117
really understand,116
another page,116
way find,116
quite new,116
none worked,116
navigation bar,116
function calls,116
compose yml,116
col col,116
add custom,116
ve checked,115
time try,115
please give,115
example example,115
date column,115
way code,115
many ways,115
reverse proxy,115
list objects,115
following steps,115
next line,115
azure function,115
following data,115
json format,115
new list,115
now code,115
find information,114
one value,114
dev tools,114
someone point,114
following problem,114
two values,114
user user,114
kubernetes cluster,114
working now,114
google drive,114
false true,114
now run,114
files folder,113
class method,113
recent call,113
run project,113
json files,113
code way,113
time complexity,113
create react,113
event handler,113
top left,113
webpack config,113
something missing,113
client id,113
first step,113
item list,113
ve following,113
operating system,113
good practice,112
user enter,112
user model,112
domain name,112
email password,112
spark sql,112
traceback recent,112
data array,112
problem now,112
user select,112
create one,111
code find,111
input value,111
back button,111
file format,111
column table,111
virtual machine,111
gets called,111
query returns,111
properties file,111
mm dd,111
code seems,111
code thank,111
string string,110
find documentation,110
github actions,110
tl dr,110
env file,110
maybe something,110
type type,110
idea fix,110
sql database,110
file names,110
possible create,110
example user,110
reproducible example,110
object attribute,110
react project,110
new instance,110
project project,110
run query,110
make request,109
throws exception,109
query result,109
please advise,109
api endpoint,109
example one,109
code found,109
however doesn,109
table column,109
code change,109
hard coded,109
app store,109
graph api,109
submit form,108
initial value,108
first create,108
another solution,108
far ve,108
idea solve,108
properties undefined,108
two things,108
app uses,108
two files,108
difference two,108
special characters,108
array object,108
somewhere else,108
made sure,107
apache spark,107
image file,107
data example,107
project structure,107
google sheet,107
one single,107
nothing worked,107
way without,107
without changing,107
looking solution,107
df df,106
drag drop,106
code currently,106
order make,106
first second,106
file project,106
first value,106
settings py,106
value example,106
one problem,106
async function,106
python file,106
application uses,106
startup cs,106
function used,106
typeerror read,106
command run,105
code main,105
please try,105
pull request,105
callback function,105
always returns,105
display data,105
something following,105
one solution,105
remote server,105
table view,105
main page,105
insert data,105
angular project,105
rows table,105
server server,105
value array,104
excel sheet,104
row table,104
root directory,104
create simple,104
now getting,104
code worked,104
post method,104
undefined reading,104
working correctly,104
cloud function,104
look code,104
response body,104
add data,104
please solve,104
value first,104
ef core,104
simple solution,104
method method,103
web service,103
text box,103
find code,103
final result,103
user selects,103
api request,103
time stamp,103
debug mode,103
second column,103
code something,103
first page,103
really sure,103
way avoid,103
new programming,103
api response,103
user defined,103
tell wrong,103
download file,102
multiple files,102
app component,102
working perfectly,102
solved issue,102
radio button,102
way check,102
code anyone,102
column data,102
better approach,102
way access,102
com android,101
execution time,101
two functions,101
causing issue,101
progress bar,101
possible make,101
elements array,101
value pairs,101
